id,nombre,apellido,Monto
02613592-ac1c-4963-8fe6-0f60aaef9def,Pedro,Garcia,3957
30366192-3589-4415-98a4-b43a1c87c300,Maria,Garcia,2426
bcd57f1d-1252-421b-a798-61e022692eff,Jose,Garcia,3986
dc886782-86a2-4a1e-b6fc-e16885f82832,Fernando,Torres,2926
55f4b9f3-588c-4801-94a6-1a942b9b9b43,Jose,Rodriguez,3374
e9a65c50-094d-461d-a936-ecde14f90c78,Lucia,Ramirez,2640
be65d567-5eef-46e4-8853-6a1fc383388e,Lucia,Gonzalez,2366
3b23b004-0573-443f-a746-c07f26e01c5b,Carlos,Lopez,3144
88b13609-37ac-4614-86dd-a6be42153ba0,Juan,Torres,3452
93d38fb7-a392-4aa3-97df-2c787ddd6597,Luis,Hernandez,1421
bfd1146c-0545-43e8-ab14-c81dc96fe228,Ana,Torres,1513
7a79bfc5-63bc-4787-9de3-e04b8a80b20a,Maria,Ramirez,3745
40d37a1a-f372-41a3-a9e7-c0801e06ee00,Luis,Gonzalez,1207
1d4940cf-c30a-4472-b735-e2830f0a3654,Juan,Lopez,1628
8d93904e-64e6-4288-8d5f-287456760b10,Luis,Rodriguez,3087
8e92152f-4c01-4e1f-b8fb-54323692092d,Fernando,Torres,3099
40b1b31b-5565-4d8b-b31e-8d62fd22a54f,Ana,Rodriguez,1954
fe0a63e9-c359-4f76-bd95-beea2d8c17ce,Carlos,Sanchez,1494
3793ded5-1298-4462-b992-babdfb6571a6,Luis,Hernandez,1348
d9a42299-d8fe-413b-8c2c-5ebdb21c354c,Ana,Torres,1996
